client,asana_gid,hours,title
Ception,1113499279673008,7.00,Name - 7h
Ception,1201136698323013,1.00,Logo for helmet & vest - 1h
Studio,1200306098714949,2.50,Grip- web design - (26.5h) - 2.5
Studio,1200306098714971,4.00,Pangeam - Header - 06.06.21 - 4
Studio,1200401118727335,10.00,Baseline - Countdown Loop Preview -10.06.21 - 10
Studio,1200497013825208,7.25,Grip - Innovation visual animation - (37h) 7.25
Studio,1200497013825217,2.00,Grip - 404 page - (2h)  -2
Studio,1200537334812810,2.25,Volta Solar - Web Scroll Animation - 2.25h
Studio,1200715489994999,3.25,Videos adaption for Dribble - 3.25h
Studio,1201035341598604,4.25,Storemanven - Overview Header Animation - 4.25h
Studio,1201604914943102,13.25,Storemaven - Animated Visuals - Flow 13.25h
Studio,1201604914943112,7.00,Motion Showreel 2022 - 7
Studio,1201634252087173,1.25,Storemaven - Visuals Post - Ready - 1.25h
Studio,1201637591688720,9.25,Fiverr - Animated collage of Fiverr animations 9.25h
Studio,1201774716370479,4.25,Fiverr post 4.25h
Studio,1201811504737337,56.25,PDQ - Social Campaign - 56.25h
Studio,1201811504737341,20.00,Stigg - Social Campaign - 20h
Studio,1201811504737345,13.75,Nextage -  Social Campaign - 13.75h
Studio,1201811504737353,4.00,Fiverr - 3D Ads - animated post - 4h
Studio,1201811504737355,8.75,"Studio - 7,000 Followers - animation post -8.75"
Studio,1201811504737359,8.75,PDQ - Animated Website Scroll Post - 8.75h
Studio,1201855133499308,4.50,First - 3D animations post (CELO+USDC) - 4.5h
Studio,1201892064316636,2.50,PDQ -logo post 2.5h
Studio,1201924198083742,6.00,Autofleet Driver App Illustration post - 6h
Fiverr,1201096427410920,2.00,High five (2/3) - 2h
Studio,176365857037868,15.00,rosh hashna - 15h
Studio,231343612933491,16.50,studio mural 16.5 hr
Studio,305541240065642,5.00,offf studio - 5 hrs
Studio,375998044435454,5.00,fun day (facebook)- 5 hrs
Studio,409924381155879,4.00,hub presentation -4 hrs
Studio,416985355360858,2.00,pdf for macabi - 2hrs
Studio,564190613526819,19.00,purim 2018- 19h
Studio,608210876526206,12.00,spring post-12h
Studio,666493377602095,5.50,wanted ad join us-  5.5h
Studio,732397148914434,3.50,design kids - 3.5h 
Studio,758464608502407,8.00,פגישות - siteaware - ituran -8
Studio,759353326271901,12.00,autumn post- 12h
Studio,761726139298411,8.00,winter post- 8h
Studio,768816204177934,8.00,פרוייקטים - ים  - 8
Studio,785570451041394,3.50,Ui / Ux pdf - 3.5
Studio,794183571308999,7.50,Studio - Rosh Hashana 2018 Post - 7.5h
Studio,794433416097908,9.00,Nitzan presentation - 9 h 
Studio,794433416097909,2.50,vacation calendar 2018 - 2.5 h
Studio,819833437051936,67.50,Folders & mail - 67.5 hrs
Studio,885100133742213,4.50,Enroute post - 4.5h
Studio,956342079382282,12.25,Silvester post- 12.25h
Studio,980043378520459,37.25,Studio ppt - 37.25 h
Studio,1001584245313887,24.00,Ravin app post - 24h
Studio,1107529676707549,12.00,AutoFleet dashboard post - 12h
Studio,1107950303271550,19.00,AutoFleet control center post - 19h
Studio,1109219170765625,1.00,scripts installation - 1h
Studio,1110658830351764,10.75,wanted & more post- 10.75h
Studio,1114683248826747,6.00,quadream icons - 6
Studio,1115619849043880,86.00,Ituran case study 86h
Studio,1120186206150384,75.75,Toyota case study - 75.75
Studio,1126558112432092,1.50,Basis Case Study - 1.5h
Studio,1126927475381453,43.00,Basis Case Study - 43h
Studio,1135577905287865,27.50,Fun day posts - 27.5h
Studio,1145070699775351,42.50,Ido Calman's Portfolio - 42.5h 
Studio,1145072885718995,16.50,Wix bug - 16.5h
Studio,1181334019804738,59.25,Storemaven Casestudy - 59.25h
Studio,1192650069604105,11.75,mini tasks - 11.75h
Studio,1199559333534041,94.25,Volta Solar Case Study - 94.25h
Studio,1200572635056329,3.75,Oxeye Case Study - 3.75h
Studio,1202318199479891,18.75,Demo festival - 18.75h
Studio,248892588733687,35.00,co-play - case study -35
Studio,318271424205574,124.00,אתר -124
Studio,323097967519240,66.50,illustration for website - 66.5
Studio,389618211746996,6.00,לעדכן אתר קיים - 6HRS
Studio,408118794864744,20.00,case study for nextnine - 20
Studio,427432102734086,48.50,Case Study OFFF 48.5 HRS
Studio,447932884827958,10.50,case study - dday - 10.5
Studio,450470048148013,8.00,case study - mobileye -8h
Studio,511971874660749,4.00,case study - waves -4h
Studio,582333917074671,14.50,case study - tree 14.5 hr
Studio,634260507405363,24.00,case study - tuqqi 24 hr
Studio,634294225405195,21.00,&more case study-21h
Studio,636894934805151,65.00,case study - Autofleet 65h
Studio,644458209601176,43.25,case study din 7 - 43.25hrs
Studio,756688935198517,41.00,case study SiteAware 41hrs
Studio,1127502223747802,10.00,Case Study - NewEra - 10 hr
Studio,1128863622990776,12.25,Case Study - Ception - 12.25h
Studio,1129458834999867,34.25,Case Study - C2A - 34.25h
Studio,1168065776544141,11.25,Nexar case study- 11.25h
Studio,1194858579736097,30.50,Studio website Improvements - 30.5h
Studio,1202010681385693,3.25,Donsplus - Micro Icons - static post - 3.25h
Studio,1202010681385697,17.25,Donsplus - dashboard - static post - 17.25h
Studio,1202010681385699,4.00,Ception - “Any” Illustrations - static posts - 4h
Studio,1202010681385701,2.50,Autofleet - EV 3D Visuals - static post - 2.5h
Studio,1202125244853423,17.50,Anchor - Mini Social Campaign - 17.5h
Studio,1202357272428590,2.00,Arison - posts -2h
Studio,1202368829635312,6.00,Shavuot post - 6h
Studio,1202410672909814,25.00,Pride - 25h
Studio,1202449226530802,0.25,Anchor - Header Wireframe - Animation post - 0.25
Studio,1202469604378605,3.00,Nominal logo sketch - static post 3h
Studio,1202481623758669,1.00,Astrix Tiktok guide - 1h
Studio,1202693904912419,11.25,Donsplus - New website - static post 11.25h
Studio,1202980630170304,5.00,Studio - Royal blue event - 5h
Studio,1203409837269093,4.00,Holidays - 4h
Nextage,1200712090902121,1.00,Studio's QA & Final corrections (16h) - 1h
Nextage,1202573794762155,0.50,Logo editing for global and cerca pages - 0.5h
OFFF tlv,237010907991795,21.00,מצגת באנגלית - 21
OFFF tlv,241990369744337,273.00,branding 273 hrs
OFFF tlv,311161800905313,1.00,multi-gif for barcelona- 1hr
OFFF tlv,321983087881993,12.50,interview video-12.5
OFFF tlv,337717630641470,58.00,site -58 hrs
OFFF tlv,341321315276332,3.00,tizer- 3
OFFF tlv,367013071598677,8.00,branding v2 - 8hrs
OFFF tlv,402805716389406,2.00,mail pdf - 2 hrs
OFFF tlv,403467398823412,14.50,rebranded site - 14.5
OFFF tlv,403767325057131,85.00,Animated Bumper 85 HRS
OFFF tlv,411102950214737,1.00,folder organize -1 h
OFFF tlv,369697468065208,10.00,טיזר תלת 10 Hrs
Barbahar,1156973988126337,1.00,Wanted GIF - 1h 
Barbahar,1156977634932131,6.50,Print Products - 6.5h
OFFF tlv,1158472638794025,6.00,OFFF webeite 2020 - 6 hrs
Studio,666818016380211,5.50,logo anim- 5.5h
Arison,1200309560894617,15.50,Hero video (40h-50h) - 15.5h
OFFF tlv,1139178959412881,6.75,OFFFter party - 6.75h
Ception,1115650075303467,42.50,Logo - 42.5h
Ception,1120284658930259,7.25,Stickers - 7.25h
Ception,1120284658930260,3.50,B. card - 3.5h
Ception,1120284658930261,95.00,Web design - 95 h - FINAL
Ception,1121208836276629,2.50,Notebook - 2.5h
Ception,1121208836276632,1.50,color test - 1.5h
Ception,1135577905361870,6.00,Booth Design (8h from client) - 6h
Ception,1136681391553514,7.00,New page for Website (6h from client) - 7 h 
Ception,1137017391949380,4.50,Roll up design - 4.5
Ception,1140401865811761,22.00,Motion Design (~24) - 22h
Ception,1140401865811763,8.00,Narration (8h) -  8h
Ception,1140401865811764,12.00,Animation (~8h) - 12h
Ception,1147415204614312,2.00,Clip Edits -2h
Ception,1150252425390481,1.00,Website Add ons - 1h 
Ception,1152956121391453,5.50,CES Banner (2-3) - 5.5h 
Ception,1152956121391455,3.75,CES Booth design (8) - 3.75h
Ception,1152956121391457,17.75,One Pager (18) - 17.75h
Ception,1153193682849047,1.50,Website addons - 1.5h 
Ception,1156745534860689,2.00,Move Booth Design - 2 h
Ception,1158880935137131,2.00,Social posts for MOVE - 2h
Ception,1178404897795505,15.50,Mining truck image making - 15.5h
Ception,1182335768480157,5.00,Website extras (4) - 5h
Ception,1198503235636688,9.75,Hiring Post (4-5) - 9.75h
Ception,1199549492103967,15.50,3d header update (16) - 15.5h
Ception,1199637646820786,0.50,Update picture in One pager - 0.5h
Ception,1200183864737990,13.00,2 3D Visuals for Website (16) - 13
Ception,1200193616834281,14.50,Website updates (8+8) - 14.5h
Ception,1200193616834283,13.00,Website - MineCept Section (8) -13h
Ception,1200193616834285,7.00,3 Visuals for Article (8) - 7h
Ception,1200560785135275,7.25,career page (6-8h) - 7.25hrs
Ception,1200345566675252,0.50,change in visual (1) - 0.5h
Ception,1199333431399745,3.25,Imarc 3 Ads - (2-3) - 3.25h
Ception,1199628002248359,7.75,One Pager update (20-24) - 7.75h
Ception,1199628002248374,4.00,Presentation slide design (4) - 4h
Ception,1199679668404933,0.75,Festive card -  0.75h
Ception,1164291153387691,10.50,One pager for mines (5-7) - 10.5h
Ception,1181531406011873,24.75,Mining Way Situation - Image Making (10+12+2) - 24.75h
Ception,1186151771710277,36.50,Mining Webpage (30+6) - 36.5h
Ception,1201160957386802,37.50,Office Design -37.5h
Ception,1201186496040377,1.50,3D office sign - 1.5h
Ception,1201514468305392,2.00,Desktop Wallpapers - 2h
Ception,1201544421242732,2.00,Holidays Post (2) - 2hrs
Ception,1201938380747418,8.00,Website Homepage Updates - 8h
Ception,1201958460491489,0.50,One pager small change - 0.5h
Ception,1202153690906999,105.75,Animation (64h) - 105.75
Ception,1202254091667139,5.75,Storyboard (6h) - 5.75h
Ception,1202985092216871,5.25,Rosh Hashana Banner (3h) - 5.25h
Ception,1202985092216874,0.50,Linkedin Banner (3h) - 0.5h
Ception,1202985655891383,1.00,Caption - Video - 1h
Ception,1203092215202905,9.75,Bauma Booth (10h) - 9.75h
Ception,1200833792407057,14.00,One pager (10-12) -14h
Ception,1200833792407061,11.75,Booth (5) - 11.75h
Ception,1200624914514682,11.75,New Visual (8-10h) - 11.75h
Ception,1200875550292453,2.50,One pager web (2-3) -2.5h
Ception,1200684613971266,2.50,Office design - 2.5hrs
Ception,1200878730626139,3.00,Happy New Year (2) - 3h
Ception,1202121867015058,1.00,Image update careers page - 1h
Ception,1202153690906997,92.00,Explanatory Video design (82h+2h) - 92h
Ception,1202667180014883,8.00,Manuals word docs (6-8h) - 8h
Blazepod,1137017391949389,83.25,App Design (230h from client) - 83.25h (15/10/19)
Blazepod,1137017391949391,4.50,meetings - 4.5h
Blazepod,1145969711701204,27.50,Research (25) - 27.5h
Blazepod,1145969711701206,19.00,UX Concept (25) - 19h
Blazepod,1145969711701208,90.75,UX (44) - 90.75h
Blazepod,1145969711701212,74.25,App screens (90) - 74.25h 
Blazepod,1145969711701214,2.00,Dev (16) - 2
Blazepod,1150172328734230,12.75,Get to know flow - 12.75h
Blazepod,1150172328734232,16.00,General Requests - 16
Blazepod,1150343029008509,18.00,User Testing - 18h
Blazepod,1150972489604601,1.75,Visual research + competitors (3) - 1.75h
Blazepod,1150972489604603,6.75,Define visual approaches (5) - 6.75h
Blazepod,1150972489604605,18.25,Visual concepts (12) - 18.25h
Blazepod,1150972489604607,17.50,Refine chosen concept (10) - 17.5h
Blazepod,1152142037456660,14.00,"Zeplin, Export, Dev - 14"
Blazepod,1155703807987319,3.75,Icons -3.75h
Blazepod,1155703807987321,2.00,Engines Illustrations (7) - 2h
Blazepod,1155703807987327,3.50,Sign up (5) - 3.5
Blazepod,1155963564614650,29.25,Box Design (28h)  - 29.25h 
Blazepod,1157387712690337,8.00,Logo finishes - 8h
Blazepod,1158035415226577,3.25,Create flow (3) - 3.25
Blazepod,1158035415226579,4.00,Monitor game (2) - 4
Blazepod,1158209074525093,1.25,Shterny - 1.25
Blazepod,1159948192005010,0.50,log in (0.5) - 0.5
Blazepod,1159948192005012,8.00,fix general comments from last call + finishing touchs (2) - 8
Blazepod,1159948192005014,1.50,Shterny's copy + applying new font (2) - 1.5
Blazepod,1159948192005016,2.00,pod settings - tool tips (2) - 2
Blazepod,1159948192005018,6.50,predefined - setting per engine open+closed (4) - 6.5
Blazepod,1159948192005020,6.00,create screen - settings per engine (4) - 6
Blazepod,1159948192005022,5.75,explore - new flow (6) - 5.75
Blazepod,1159948192005024,5.50,countdown + monitor game - per engines (4) - 5.5
Blazepod,1159948192005026,6.25,score screen per engines (3) - 6.25
Blazepod,1159948192005028,4.75,"zeplin, export, dev (10) - 4.75"
Blazepod,1159948192005030,24.75,style guide (12) - 24.75
Blazepod,1163685614527133,2.00,History score screen per engines (3) - 2
Blazepod,1163685614527137,5.00,Analytics main screen flow - 5
Blazepod,1163685614527139,2.00,Player History screen (2) - 2
Blazepod,1163685614527141,4.50,Illustrating c4 pod (4) - 4.5
Blazepod,1163685614527143,8.50,Illustrating engines (8) - 8.5
Blazepod,1172184944178857,11.00,Dev - 11h
Blazepod,1172184944178859,7.75,App screens - 7.75
Blazepod,1172184944178863,2.00,4D & Animation - 2h
Blazepod,1172947537879793,2.00,Illustrating engines - 2h
Blazepod,1174144278754579,1.75,dev - 1.75
Blazepod,1174144278754583,53.50,new screens - 53.5h
Blazepod,1177184866957467,2.75,Illustrating engines - 2.75h
Blazepod,1179680125654421,6.00,new screens - 6h
Blazepod,1179680125654423,0.50,Illustrating engines - 0.5h 
Blazepod,1180245454342725,38.00,June Tasks Doc (34-40) - 38h
Blazepod,1180537194188997,2.50,exports - 2.5h
Blazepod,1182288408851177,28.75,Onboarding animations + Tips carousel (8-10) - 28.75h
Blazepod,1182288408851179,6.00,Application tips (4) - 6h
Blazepod,1182288408851181,18.25,Exercise styleguide (9+8) - 18.25h
Blazepod,1182288408851183,26.25,App store/google store Pictures (10-16) - 26.25h
Blazepod,1184662490485059,13.50,General Requests - 13.5h
Blazepod,1187130829863561,34.50,General Requests  - 34.5
Blazepod,1192157884113383,13.00,App store/google store pictures - 13h
Blazepod,1195325930844759,6.25,Academy clips (40) - 6.25h
Blazepod,1197185850717534,5.50,App store/google store pictures videos - 5.5h
Blazepod,1197185850717536,23.50,General - 23.5h
Blazepod,1197251802735126,40.75,Academy Clips (34+4 sound) - 40.75h
Blazepod,1198183424191001,30.00,IPAD Adaptations (140-180) - 30h - FINAL
Blazepod,1198999579757789,38.25,General tasks - 38.25h
Blazepod,1199333813637334,5.50,App landing page - 5.5h
Blazepod,1199403545659382,59.00,General tasks - 59h
Blazepod,1199515481413614,64.50,Package & manual (40) - 64.5h
Blazepod,1199712424585205,81.75,General tasks - 81.75h
Blazepod,1199881350709775,82.25,General tasks - 82.25h
Blazepod,1199995637202995,59.25,General tasks - 59.25h
Blazepod,1200142630245777,72.25,General tasks - 72.25h
Blazepod,1200222098156647,9.50,Manuals - 9.5h
Blazepod,1200275723563449,14.75,BlazePod Academy video - tests feature (4h+2h sound) - 14.75h
Blazepod,1200280513005142,43.50,General tasks - 43.5h
Blazepod,1200416273407895,59.50,General tasks - 59.5h
Blazepod,1200546554819428,9.25,cutting images - 9.25h
Blazepod,1200548975596329,83.75,General tasks - 83.75h
Blazepod,1200569433020554,5.50,cutting images - 5.5h
Blazepod,1200618851147346,1.75,New Animation (1h)-1.75h
Blazepod,1200706604803175,55.00,General tasks - 55h
Blazepod,1200987917099442,14.50,General tasks - 14.5h
Blazepod,1201110513988692,26.75,General tasks - 26.75h
Blazepod,1201978815179867,5.75,Achievement design - 5.75h
Blazepod,1202011467799147,6.00,Pod vector design (6h) - 6
Blazepod,1202032148468666,3.50,Engine Lottie animation - 3.5h
Blazepod,1202317835004503,2.50,Collection - 2.5h
Blazepod,1202366699215383,3.50,Zeplin - 3.5
Blazepod,1202398559517528,7.00,Academy video - 7h
Blazepod,1202406684950852,1.50,App Icon - 1.5h
Blazepod,1202437381214370,2.50,Figma conversion (3h) - 2.5h
Blazepod,1202487597613689,4.50,Exporting assets for website animations - 4.5
Blazepod,1202732387216583,12.00,Random logic - Video pilot (12h) - 12h 
Fiverr,1165715687610496,22.00,SMB help clip - 22h 
Fiverr,1168793887250530,4.00,UX Wireframes (4) - 4h
Fiverr,1168793887250532,6.50,Visual research (4) - 6.5h
Fiverr,1168793887250538,6.25,Design Concepts (8) - 6.25h
Fiverr,1168793887250540,19.50,Full Design (24) - 19.5h
Fiverr,1171899387485396,11.75,And.co animations (11) - 11.75h
Fiverr,1200854485171817,5.25,Inbox - Filtered out (1.5) - 5.25h
Fiverr,1200854485171818,9.75,Manage orders (3) - 9.75h
Fiverr,1200854485171819,14.00,Become a seller (3/6) - 14h
Fiverr,1200854485171820,2.00,Manage requests (1) - 2h
Fiverr,1200854485171821,5.50,No search results (2) - 5.5h
Fiverr,1200854485171822,3.75,My gigs (1) - 3.75h
Fiverr,1200854485171825,1.25,Favorite gig (1) - 1.25h
Fiverr,1200854485171827,0.50,Payment order (2) - 0.5h
Fiverr,1200854485171828,4.25,Congrats (2) - 4.25h
Fiverr,1200854485171829,2.50,Downtime (2) - 2.5h
Fiverr,1201035372953166,18.00,References & 1 General Design Draft (16) - 18h
Fiverr,1201035372953171,4.75,Choosing 5 elements for each category (8) - 4.75h
Fiverr,1201035372953173,87.50,3 Animations (64) - 87.5h
Fiverr,1201096427410921,1.25,Seller review(3) - 1.25h
Fiverr,1201096427410922,3.50,Congrats first purchase (1) - 3.5h
Fiverr,1201096427410923,1.75,Manage requests NEW - 1.75h
Fiverr,1201096427410924,4.00,no internet(2/3)  - 4h
Fiverr,1201096427410925,3.25,Something went wrong NEW - 3.25h
Fiverr,1201124989608099,3.75,Invite a friend - 3.75h
Fiverr,1201124989608100,0.75,My custom offer - 0.75h
Fiverr,1201124989608101,3.75,No results Magnifier - 3.75h
Fiverr,1201124989608102,4.00,No search results inbox - 4h
Fiverr,1201460694583097,49.25,Animation (48)- 49.25h
Fiverr,1201469598674137,5.75,Design (6) - 5.75h
Fiverr,1201892622138174,4.00,Fiverr - income sync animation (4h) - 4h
Fiverr,1202040619980288,20.00,Fiverr - logo maker animations  (25h) - 20h
Fiverr,1202181175201817,11.50,Fiverr - Animated illustrations (12h) - 11.5
Donsplus,1178218885968070,30.00,Widget Design (30) - 30h (14/06/2020) 
Donsplus,1179680125654437,6.00,Widget Animation (6) - 6h
Donsplus,1180746836548009,7.00,Stationery Design - 7h
Donsplus,1181728182121460,6.00,Widget Additions - 6h
Donsplus,1182545494018358,18.50,UX (24-28) - 18.5h
Donsplus,1182545494018362,70.25,UI (48-56) - 70.25h
Donsplus,1182545494018364,2.75,Mobile (20-24) - 2.75h
Donsplus,1182545494018368,6.75,Export for Dev & Styleguide (8-12) - 6.75h
Donsplus,1184628550383253,30.00,Website Copy (28) - 30h
Donsplus,1184628550383257,4.00,Website Wireframe (5)  - 4h
Donsplus,1188138994235242,62.75,Full Website Design (40) - 62.75h
Donsplus,1188138994235244,26.00,9+3 Animations - Design & Animation (24) - JUST STATIC for now - 26h
Donsplus,1188138994235246,46.00,Main Header Design & Animation (14) - 46h
Donsplus,1188138994235248,12.00,Solution Overview Animation (10) - 12h
Donsplus,1188138994235250,14.00,Mobile Website (8) - 14h
Donsplus,1188138994235252,5.00,Develop + Styleguide (5) - 5h
Donsplus,1188141353626618,0.50,Email Signature Update - 0.5h
Donsplus,1188593719196974,20.00,Webflow (20) - 20h
Donsplus,1189258478918061,18.00,2 Widget Features - 18
Donsplus,1189851539527921,1.00,Notebook Cover Design - 1h
Donsplus,1191014014398885,0.25,Sign in illustration export - 0.25h
Donsplus,1192667142756245,5.00,Brand Backgrounds & Patterns - 5h
Donsplus,1198182420330227,3.75,Processing fee covering - 3.75
Donsplus,1198182420330229,1.00,Processing fee covering Animation - 1h
Donsplus,1198201905868717,3.00,Social Cover Photos - 3h
Donsplus,1198216061170583,5.00,Website Additions - 5h
Donsplus,1198219105184641,1.75,Widget Additions - 1.75h
Donsplus,1198877517749357,0.50,B.card update - 0.5h
Donsplus,1199628002278354,26.50,Donsplus - Dashboard Updates (24) - 26.5h
Donsplus,1199674974645153,2.00,Donsplus Banners (2)- 2h
Donsplus,1199694838325109,2.00,Donsplus Support image (2) - 2h
Donsplus,1199728883605199,3.00,Dashboard Updates - 3h
Donsplus,1199892614310125,10.75,Dashboard updates (10) - 10.75h
Donsplus,1200031624285481,16.25,Recurring donations upsale (19) - 16.25h
Donsplus,1200096055766214,1.00,Multiple Assignments - 1h
Donsplus,1200122705506252,14.25,3 small tasks (18-20) - 14.25h
Donsplus,1200122705506254,2.50,Widget Description - 5-8/4 - 2.5
Donsplus,1200122705506255,0.25,Widget embedding - 0.25h 
Donsplus,1200122705506256,4.00,Charges Tab - Dashboard - 5-8/4 -4h
Donsplus,1200306156352528,5.25,Email verification illustration (8) - 5.25h
Donsplus,1200802700992283,80.00,Website updates (26) - 80h
Donsplus,1200816048626809,21.75,3 Feature Animations (15) - 21.75h
Donsplus,1201038766465064,11.75,Company Matching Feature (?) - 11.75
Donsplus,1201135009293944,1.00,Banner - 1h 
Donsplus,1201223231539251,3.00,CTA Nudges - 3h
Donsplus,1201347072203325,0.75,Presentation video background - 0.75h
Donsplus,1201408633079967,2.50,Donsplus newsletter banner - 2.5h
Donsplus,1201503395214163,5.75,Company Matching - 5.75h
Donsplus,1201514924838773,15.25,One Pager - 15.25h
Donsplus,1201607544728903,49.75,Donsplus Widget P2P&Volunteer - 49.75h
Donsplus,1201743553025193,3.00,To Do list - 3h 
Donsplus,1201826266407848,44.00,Setting re-define -  44
Donsplus,1201855271800819,49.25,website 3.0 desktop design - 49.25h
Donsplus,1201891939702564,15.50,Premium feature - 15.5h
Donsplus,1201898804101449,2.00,Card for swag box - 2h
Donsplus,1201962168844851,19.00,website 3.0 mobile - 19h
Donsplus,1201962168844853,16.00,preparing for dev - 16h
Donsplus,1201962168844855,24.25,QA - 24.25h
Donsplus,1201962168844857,8.00,website 3.0 wireframes - 8h
Donsplus,1201999894180367,1.00,Nudges update - 1h
Donsplus,1202171722703390,10.00,Partners deck - 10h
Donsplus,1202279217890981,8.25,Changes for dev - 8.25h
Donsplus,1202279217890983,11.50,New pricing page - 11.5h
Donsplus,1202337081462058,4.00,Customers deck - 4h
Donsplus,1202892542846252,3.25,Visual for a LinkedIn post - 3.25h
Donsplus,1203088381741146,6.00,Blog enhancement - 6h 
Studio,733471339628743,9.50,summer post-9.5h
Arison,1201434832052471,1.25,404 page  - 1.25h
Arison,1201447181909807,4.75,Milestones images editing (5h)- 4.75h
Arison,1201575696792925,2.00,Team images (2h) -  2h
Arison,1201605544783992,2.50,Presentation meeting - 2.5h
Arison,1203190832852028,1.00,Team section photo editing (1h) - 1h
Arison,1203372839528808,0.50,Daniel Arison photo editing - 0.5h
Arison,1199905657103272,216.75,Rest of the pages design// 7 pages (96>210h) -216.75h
Arison,1200699963256881,12.75,"Style guide, behavior file & references (10h) -  12.75h"
Arison,1199905657103290,47.25,Dev Studio guidance & QA (23>32h) - 47.25h
Arison,1201591721793739,13.50,Team section + images changes (6h) - 13.5h
Arison,1201871673259915,11.25,Accessibility (9h) - 11.25h
Arison,1202209567560686,2.25,ESG image editing (2h) - 2.25h
Nextage,1200141132470979,24.25,Logo design (20h) - 24.25h
Nextage,1200141132470985,40.25,Home page design + visual language develop (50h) - 40.25h
Nextage,1200141132470987,65.25,Mobile adjustments (65h) - 65.25h
Nextage,1200141132470995,1.25,404 + Legal pages (4h) - 1.25h
Nextage,1200141132470997,25.50,About page (20h) - 25.5h
Nextage,1200141132471001,30.00,Services lobby page + Service template page (26h) - 30h
Nextage,1200141132471005,8.50,Portfolio page (10h) -8.5h
Nextage,1200141132471007,6.00,Case Study page (6h) - 6h
Nextage,1200141132471011,8.50,News lobby page (12h) - 8.5h
Nextage,1200258334799130,10.50,Website inspirations (8h) - 10.5h
Nextage,1200258334799134,11.50,Visual concepts - References (13h) - 11.5h
Nextage,1200258334799136,13.00,Visual concepts - sketches (13h) - 13h
Nextage,1200258334799132,51.25,UX & Wireframes (36h) - 51.25h
Nextage,1200141132470991,15.00,Global Animation (14h) - 15h
Nextage,1200141132470993,23.75,Styleguide (8h) - 23.75h
Nextage,1200755888368534,8.25,Team Page (10h) - 8.25 h
Nextage,1200755888368536,12.25,Nextage global page (12h) - 12.25h
Nextage,1200755888368538,10.50,Cerca pertners page (6h) - 10.5h
Nextage,1200755888368540,16.00,Careers page (24h) - 16h
Nextage,1200755888368542,6.00,Inner career page (6h) - 6h
Nextage,1200755888368544,9.25,Post page (5h) -9.25h
Nextage,1200755888368546,11.50,Contact us page (6h) - 11.5h
Nextage,1200756087865333,5.25,Inner team popup (5h) - 5.25h
Nextage,1200765644440459,6.25,6 global icons (10h) - 6.25h
Nextage,1200765644440461,5.00,6 Services icons (8h-10h) - 5h
Nextage,1201502882163993,5.00,Brief for website photos (4-5h) - 5h
Nextage,1201536163839290,9.75,Email signature + animation (4-6h + 2h) - 9.75h
Nextage,1201536163839300,6.25,Client Onboarding (6h) - 6.25h
Nextage,1201704187342569,1.50,Logo CMYK - (1h) - 1.5h
Nextage,1201860555000087,32.00,QA - 32h
Nextage,1202241964492894,0.50,Mail signature - 0.5h
Nextage,1202211830824791,19.00,Website images - 19h
Nextage,1201536163839298,6.00,Nextage US entity ppt- 2 slides (6h) - 6h
Nextage,1201668988101946,18.00,Knowledge center (18h) - 18h
Nextage,1201855271800796,1.00,Linkedin cover (1h) - 1h
Nextage,1202519336499386,8.50,CFO images (12h) - 8.5h
Nextage,1202579731553044,13.75,QA July 2022 - 13.75h
Nextage,1202666304845567,2.00,Editing additional CFO image for website - 2h
Nextage,1202732301574852,1.00,Logo editing for homepage -1h
Nextage,1202904557885897,1.50,Section VP FINANCE (2-3h) - 1.5h
Nextage,1202985092216865,0.50,Home Page hero section photo adjustment - 0.5h
Nextage,1202579731553040,2.00,Testimonials gallery - 2h
Navina,1202925050009487,35.75,Product video - 35.75h
Navina,1203171768252379,20.00,Clinical Demo Video - 20h
Stigg,1201972205594216,15.50,Before & After Developer Animation - 15.5h
Stigg,1202030259254252,2.00,UXUi consult - 2h
Astrix,1201742107453523,7.00,QA - 7h
Astrix,1201774832081601,20.00,One pager - 20h
Astrix,1201825326958256,9.00,PPT - 9h
Astrix,1201905078458271,8.75,Full brandbook - 8.75h
Astrix,1202279609148675,2.00,Email signature  - 2h
Astrix,1202323871323507,3.50,Exporting animation -3.5h
Nominal,1201865618482376,2.00,Kickoff meeting (2h) - 2h
Nominal,1201865618482378,16.25,Brand concepts (16h) - 16.25h
Nominal,1201871712196782,17.75,Visual concepts (18h) - 17.75h
Nominal,1201871712196786,58.25,Logo sketches & design (44h) - 58.25h
Nominal,1201871712196795,75.25,Presentation - 75.25h
Nominal,1201871712196797,149.25,Product - 149.25h
Nominal,1201891939702560,4.75,Names - 4.75h
Nominal,1205828837028969,28.00,Homepage (20.66h) - 28h
Nominal,1206458433921342,2.00,Blog additions (2h)- 2h
Nominal,1206632725433985,13.00,Home page what we do section (13h) - 13h
Nominal,1206784680844181,5.00,Solutions Page (5h) - 5h
Collabria,1202511630462801,46.50,Temporary task - 46.5h
Collabria,1202925050009494,18.00,Blog post illustration - 18h
Barbahar,235594610389218,3.00,menu 2017- 3h
Barbahar,303306896132115,3.50,תפריט פסח- 3.5
Barbahar,360062618641557,6.50,wanted - 6.5 hrs
Barbahar,415770617540612,12.00,menu - 12h
Barbahar,454138393605085,0.50,poster- pizza- 0.5
Barbahar,486945454096149,0.50,delivery- 0.5h
Barbahar,597849554933670,7.50,English Menu - 7.5hr
Barbahar,606879612327229,3.50,Pesach Menu - 3.5h
Barbahar,609362758927785,0.50,shimshiya - 0.5h
Barbahar,609362758927786,2.00,Summer menu poster- 2h
Barbahar,713115449494065,2.50,Newspaper Ad#2 -2.5hrs 
Barbahar,720833970800152,5.50,Summer menu 24.6 - 5.5hr
Barbahar,722787088253150,0.50,menu tabun illustration- 0.5h
Barbahar,955823371619149,7.50, Delivery menu - 7.5h
Barbahar,1116569290389589,2.00,Pesach Menu 2019 - 2h
Barbahar,1116569290389590,0.75,Main menu changes - 0.75h
Barbahar,1116569290389592,0.25,Take away cups - 0.25h
Barbahar,1131200796714381,4.00,Group Menu - 4 h 
Barbahar,1137356279609912,4.25,facebook ad - 4.25 h
Barbahar,1138388399083332,0.25,English menu update - 0.25h
Barbahar,1138963090744617,1.00,Dessert menu - 1h
Barbahar,1155712075081154,1.50,Cocktail napkin -1.5
Barbahar,1124796965691262,11.50,Menu update - 11.5h
Barbahar,237010907991800,4.50,תפריט באנגלית 4.5h
Barbahar,276887833929008,2.00,חותמת - 2
Barbahar,276251835446463,16.00,סהכ פברואר לתשלום - 16
Barbahar,921442673255174,5.00,Winter menu - 5 h 
Barbahar,921442673255175,3.75,English winter menu - 3.75 h
Barbahar,1177300444378851,5.50,Digital order screen assets - 5.5h
Barbahar,1181298769674961,5.00,menu June 2020 - 5h
Barbahar,1187130829863591,0.25,3 icons - 0.25h
Barbahar,1199880073951479,2.50,מדבקות למוצרים בצנצנות או קופסאות פלסטיק - 2.5h
Barbahar,1199880073951481,7.00,מדבקה למרכז/ צד קרטון מארז פיקניק -7h
Barbahar,1199880073951483,1.25,שלטים תלויים במסעדה להזמנה אונליין ואיסוף - 1.25H
Barbahar,1199975626127679,2.50,Gift card - 2.5
Barbahar,1201837705154518,1.00,Pantone color for a napkin - 1h
Barbahar,1202340086723344,0.25,Barcode sign - 0.25h
Barbahar,1202644998580183,1.25,QR code update - 1.25h
Barbahar,1200547040235027,2.50,פלייר עם קוד QR - 2.5h
OFFF tlv,650631854737813,11.50,off mobile app - 11.5hrs
OFFF tlv,418036277054840,67.25,offf website 2018 - 67.25hrs
OFFF tlv,1202209089678522,5.25,Offf 2022 Promo - 5.25h
OFFF tlv,1202599701881518,3.50,OFFF Neon sign - 3.5h
OFFF tlv,1202980629059375,3.00,OFFF TV Sequence - 3h
OFFF tlv,1203011797892003,3.00,Offf after/before session - 3h
OFFF tlv,1203151620827153,3.75,Offf TLV video - 3.75h
Baseline,1200277058462588,30.00,3 Match Mode Illustrations (30) - 30h
Baseline,1200807699670852,15.00,Quick Access - 15h
Baseline,1200819232608271,2.00,Speed and Strikes Icons - 2h
Baseline,1201311174613252,5.00,countdown post - 5h
Baseline,1201311174613257,12.00,wix update -12h
Baseline,1201346994192742,1.00,One Pager 2021- Update -1h
Baseline,1201375417222431,0.75,Updated match screen - 0.75
Baseline,1201481623291448,0.25,Court dimension update - 0.25h
Baseline,1202487597613687,16.50,Instructional Video (16-24h) - 16.5h
Baseline,1202853839286394,8.50,Volume screen - 8.5h
Baseline,1202855114308682,8.00,Leaderboards screen - 8h
Baseline,1201135009293949,34.00,One Pager - Vision Customer (24-28+6) - 34h
Baseline,1201135009293951,20.00,Wix update (20) - 20h
Baseline,1201478811626111,25.50,Investors Presentation - 25.5 hr
Baseline,1204118462245646,1.00,Popup on homepage (1h) - 1h
Baseline,1204214571876028,0.50,New coupon code popup (0.5h) - 0.5
Baseline,1204314895064143,1.50,Homepage Popup (1.5h) - 1.5h
Baseline,1204515435344135,1.00,Coupons and Popup changes (1h) - 1h
Baseline,1204961831340495,9.00,July 23 website changes (6-9h) - 9h
Baseline,1205410576302912,1.00,Website Updates 3.9.21 (1h) - 1h
Baseline,1206875844478424,2.00,Product page changes (2-3h) - 2h
Baseline,1205262954641734,1.50,Website changes 13.8.21 (1.5h) - 1.5
Baseline,1205745630419217,2.00,Coaches popup (1.5h) - 2h
Autofleet,588841051269958,38.00,presentation - 38h
Autofleet,588841051269962,61.50,website - 61.5 hrs
Autofleet,611716444503344,27.00,icon and illustration- 27h
Autofleet,623562862388747,52.50,website wix - 52.5
Autofleet,634493842424339,15.00,Driver App (15hrs) - UX - 15h
Autofleet,634493842424342,47.50,Driver App (30hrs)- UI - 47.5hr
Autofleet,636911762224152,4.50,Driver App (8 hrs)- Production - 4.5h
Autofleet,644211745103443,13.00,onboarding (9) - 13h
Autofleet,644211745103444,10.00,dashboard (3) - 10h
Autofleet,644211745103445,6.50,pre-shift (4) - 6.5h
Autofleet,644211745103446,4.00,shift (6) - 4
Autofleet,644211745103447,3.50,report (3) - 3.5h
Autofleet,644211745103448,4.00,report illustrations (4) - 4h
Autofleet,654530763453493,3.00,app illustration-3h
Autofleet,661675220376770,0.50,animation for locomotion - 0.5hrs
Autofleet,661675220376773,1.00,loader animation- 1 hr
Autofleet,666056957575038,0.25,Sticker - 0.25h
Autofleet,673495254706849,1.00,Air Freshner - 1h
Autofleet,688906042671804,91.00,Dashboard (88hr from client) - 91
Autofleet,730707663556385,0.50,Disaibled Button On Driver App - 0.5hr
Autofleet,747943624635259,7.75,Avis Presentation (16 Hours from client) - 7.75h
Autofleet,748308992612468,1.50,edit driver - managment - 1.5 hr
Autofleet,777051875263883,0.50,No data - Gauges - 0.5
Autofleet,787870181968220,1.00,Car avatars - 1
Autofleet,803556916527049,0.50,Phone call meeting - 0.5
Autofleet,809694529975905,0.50,3 More Business Cards - 0.5h
Autofleet,838328394784089,4.00,Gauges - 4hr
Autofleet,890127537402115,6.00,CES booth design - 6
Autofleet,909978491854846,10.00,Report screen - 10hrs
Autofleet,948116201846899,0.50,B.card for Adam - 0.5h
Autofleet,955508536833181,26.00,Reports - 26h
Autofleet,1103857521764974,1.50,Time sensitive report - 1.5h
Autofleet,1103860786698585,2.00,Booth design - 2h
Autofleet,1107957250590816,0.25,B. card for Zohar - 0.25h
Autofleet,1168194832221735,59.50,Header Illustration & Animation (54)- 59.5 h 
Autofleet,1168194832221739,10.00,Solution Icons (10) - 10h 
Autofleet,1168194832221745,2.00,Our Partners (2) - 2h
Autofleet,1168194832221747,15.75,How It Works (16) - 15.75h
Autofleet,1168194832221749,4.00,Covid 19 Section & Notification (4) - 4h
Autofleet,1168194832221751,4.00,Contact Section & Popup (4) - 4h
Autofleet,1170303576912839,3.25,Mobile adaption - 3.25h
Autofleet,1170926616845123,0.75,Header forms - 0.75h
Autofleet,1170964668144323,16.25,Wix Home page update (12-15) - 16.25h
Autofleet,1172893192651959,18.00,Driver App - Package Drilldown - 18h
Autofleet,1173948306716813,11.50,Delivery Facebook Campaign (12) - 11.5h
Autofleet,1182288408851185,66.75,3d Vehicles Icons (60+5) - 66.75h
Autofleet,1191329079290317,5.50,Toolbox Illustrations & Icons - 5.5h
Autofleet,1193952095187085,17.50,Driver App Stop Point Info Redesign (12-18) - 17.5h
Autofleet,1198557975672537,20.00,3D Bicycle & Scooter (24) - 20h
Autofleet,1199109966483167,2.00,Tool Tip Design Update - 2h
Autofleet,1199220655289719,17.00,Dashboard New Screens - Leasing (24) - 17h
Autofleet,1199660572994063,5.50,Driver App - Ride Details (4-6) - 5.5h
Autofleet,1199935657442670,2.25,Vehicle on map icon (3) - 2.25h
Autofleet,1200037743660591,1.00,Fuel icon for driver's app - 1h
Autofleet,1200090117423863,0.75,Quote update -0.75h
Autofleet,1200090233212681,17.50,Product Settings Screen (14-18) - 17.5h
Autofleet,1200152494412293,0.25,Exporting asset - 0.25h
Autofleet,1200170339684049,2.75,Indonesian partnership - 2.75h
Autofleet,1200193616834277,58.00,New Page for Website - EV (90) - 58h
Autofleet,1200220354341369,47.75,New Page for Website - VaaS (60) -47.75h
Autofleet,1200220354341371,2.00,Export & QA (20) - 2h
Autofleet,1200243064798195,0.50,Update for Presentation (0.5) - 0.5
Autofleet,1200306116903724,1.25,Business card - Tal - 1.25h
Autofleet,1200370015533355,24.25,New feature for Control Center - 24.25h
Autofleet,1200635140582026,4.00,T-shirt (4h)-4h
Autofleet,1200699947603092,31.00,Passenger Web App (26-32) - 31h
Autofleet,1201147012890758,16.50,Booth Move - 16.5h 
Autofleet,1201213285125418,0.50,Business card - 0.5h
Autofleet,1201257138742995,6.50,Raising post -6.5h
Autofleet,1201257680642945,16.00,Ride tracker feature - 16h
Autofleet,1201408633079957,4.00,AutoFleet CES Booth - 4h
Autofleet,1201437917736152,15.00,Shuttle 3D car (14-16)  - 15 hrs
Autofleet,1201437917736154,1.50,Purchase of model - 1.5h 
Autofleet,1201502969388239,23.50,Simulator Wizard (26-30) - 23.5h
Autofleet,1201536109972714,6.25,New employees post design (6) - 6.25h
Autofleet,1201652556213895,1.00,New employees post implementation - 1h
Autofleet,1201743553025195,0.50,Conference booth 2022 -0.5h
Autofleet,1201836814727999,7.00,Notebook design (6-10h) - 7h
Autofleet,1201855271800798,0.50,Business cards implementation - 0.5h
Autofleet,1201871673259954,17.00,AF Stickers (15h + 2h) - 17h
Autofleet,1201871673259957,14.00,Coloring book (54h) - 14h
Autofleet,1201871673259959,1.50,Website update - news - 1.5h
Autofleet,1201871673259961,1.00,Website update - testimonials - 1h
Autofleet,1201873162794463,15.25,Advanced search filters (8-16h) - 15.25
Autofleet,1201912167204118,1.50,Website form request - 1.5h
Autofleet,1201929581241507,7.00,Autofleet One Pager (16h)- 7h
Autofleet,1201959283076043,3.25,CTA Top Bar Menu - 3.25h
Autofleet,1201991410089270,23.50,Driver app ride history - 23.5h 
Autofleet,1202003891847284,10.00,Autofleet wall stickers  - 10h
Autofleet,1202011467799157,0.75,Raas page logo list - 0.75h
Autofleet,1202095203609189,70.50,Wizard Simulation - Sales Update - 70.5h
Autofleet,1202104514013631,2.75,Employee tag (2h) - 2.75h
Autofleet,1202121315672708,2.50,Development website changes - 2.5h 
Autofleet,1202138197459952,3.50,Office walls graphics - 3.5h
Autofleet,1202171694103675,1.50,Move 22 Booth update -1.5h
Autofleet,1202181175201815,6.00,SUMC booth (4h-6h) - 6h
Autofleet,1202189426770394,1.00,Website Miro - 1h
Autofleet,1202209567560688,5.00,Company cover image (3-5h) - 5h
Autofleet,1202209567560690,6.25,"""We Are Hiring"" post -  (4h) - 6.25h"
Autofleet,1202215722517519,170.25,Passenger app - 170.25h
Autofleet,1202299059684686,1.00,Email signature - 1h
Autofleet,1202317962097759,2.00,Taxi meeting - 2h
Autofleet,1202317962097763,133.50,Taxi landing page (130h) - 133.5h
Autofleet,1202318199624558,25.00,Scania Sales simulator - 25h
Autofleet,1202412991942179,12.00,Taxi one pager (8-12h) - 12h
Autofleet,1202412993161062,0.50,Google case study banner - 0.5h
Autofleet,1202437031671518,0.50,Welcome aboard post+ Business Card - 0.5h
Autofleet,1202441912850657,16.50,Taxi Summit Booth - 16.5h
Autofleet,1202441912850661,2.25,Entrance sign for event (2h) - 2.25h
Autofleet,1202445227002916,60.00,Driver app - fixes - 60h
Autofleet,1202551139718061,4.25,Social Case study banner -4.25h
Autofleet,1202732301574846,0.50,New employee post + business card implementation - 0.5h
Autofleet,1202781866416706,7.50,Autofleet move 22 booth (6-8h) - 7.5h
Autofleet,1202798171175439,2.00,Sign for website launch (2h) - 2h
Autofleet,1202798835104358,2.25,Tshirt (4h) - 2.25h
Autofleet,1202883541309610,12.00,About page (12h) -  12h
Autofleet,1202896960249835,0.25,Duplicate of Business cards production  - 0.25h
Autofleet,1203028482702068,0.50,New employees post design - 0.5h
Autofleet,1203065609820121,0.50,Business Cards - 0.5h
Autofleet,1203065609820125,9.00,Mobilize Booth - 9h
Autofleet,1203097397200197,2.00,CEATEC posters - 2h
Autofleet,1203097397200199,1.25,Onepager Update - 1.25h
Autofleet,1203142872088726,0.50,New employee post - 0.5h
Autofleet,1203142872088730,2.50,EV Brochure - 2.5h
Autofleet,1203150897168606,1.50,Email image design - 1.5h
Autofleet,1203171768252398,86.33,Website phase 2 (86.33h) - 86.33h
Autofleet,1203171768252400,9.00,Website Taxi + Extras (9h) - 9h
Autofleet,1203220019956963,5.50,Email Blog Design (8h-12h) - 5.5h
Autofleet,1203220019956965,2.00,Newsletter Banner (2h) - 2h
Autofleet,1203499372848808,1.50,Website speed check (1.5h) - 1.5h
Autofleet,1203965026961692,2.00,Google Tag Problem (2h) - 2h
Mobileye,391750318493718,2.00,Post images 2h
Mobileye,418813594134969,28.00,board presentation to intel - friday-monday 1-3.9 - 28 hrs
Mobileye,427342166763050,5.50,תעודת מתקין - 5.5
Mobileye,442160668560899,13.25,landing page-13.25h
Mobileye,442160668560902,13.00,אנימציית פתיח וסגיר -13
Mobileye,442431710941892,2.50,ad- 2.5h
Mobileye,443996063363980,4.50,work template- 4.5h
Mobileye,457847066869053,6.00,Roll Up - 6 HRS
Mobileye,477270564729223,4.00,sales presentation to 3:4 - 4hrs
Mobileye,477272111964094,2.00,bus image for london - 2hrs
Mobileye,516231776543740,24.00,Conference presentation - 24h
Mobileye,518262558902117,1.50,Bus stickers for Singapore - 1.5h
Mobileye,523480747949959,4.00,TV Back drop Singapore - 4h
Mobileye,533971545780561,16.00,Chamber of Commerce presentation- 16h
Mobileye,539884437341288,2.00,RSS Movie - Hebrew version- 2h
Mobileye,546803602446266,5.50,Shield Distributors polish version - 5.5 hr
Mobileye,552455455192381,4.50,Video Presentation - 4.5h
Mobileye,553380838948615,14.00,Video presentation#4 - 14h
Mobileye,590928213031687,22.50,Design for employees event - 22.5hr
Mobileye,590928213031688,16.00,Icons- 16h
Mobileye,623552162855099,9.00,booth art work for Turkey 9 hr
Mobileye,644572259774521,6.00,Brochures translation to Swedish - 6h
Mobileye,667517390884015,5.00,Roll up translation to Spanish - 5h
Mobileye,667532358286822,0.50,Brochure translation to Spanish - 0.5h
Mobileye,670514404783371,5.50,Brochure translation to Danish - 5.5h
Mobileye,677666411928036,6.50,facebook movie 17 may - 6.5h
Mobileye,685109802341705,8.75,Info graphic for social media - 8.75h
Mobileye,688906042671800,34.75,Aftermarket Movie (Shoshana) - 34.75h
Mobileye,695421892259043,2.25,Pop-up booth translation to Spanish 2.25hrs
Mobileye,705042845017077,4.00,Brochure translation to finnish - 4h
Mobileye,707183318898879,17.00,Intercity highway image (Shoshana) 17 hrs
Mobileye,707183318898881,14.25,Costa rica Mobileye week (Latin America Region PO) - 14.25 hrs 
Mobileye,707183318898882,15.00,RSS clip re-edit (Yael) - 15h
Mobileye,707183318898883,6.00,Small videos blur edits (Tzahi) - 6hrs
Mobileye,720794833455943,3.00,Testimonial Template - 3 h
Mobileye,720991406940116,16.00,Jobs website design (16 hours from client) - 16h 
Mobileye,729004468344490,13.25,Brochure translation to Greek - 13.25 h
Mobileye,735667281688469,1.25,Updated forward collision warning image -1.25hrs 
Mobileye,735897056789351,4.00,VIdeo text - 4h
Mobileye,737801285025724,5.00,Hiring post-5h
Mobileye,737801285025726,2.00,Shield+ image making project - 2h
Mobileye,741099874136565,0.50,Alert Overview changes 0.5hrs
Mobileye,752330412070960,4.25,Brochure translation to French - 4.25 h 
Mobileye,752625381634869,1.25,Shield+ Bus sticker - 1.25 h 
Mobileye,758089963051060,3.00,Invitation to interview template  - 3 h
Mobileye,773030315588534,2.75,Digital team alert video (Daniealle) - 2.75hrs 
Mobileye,785801664192875,5.00,Sheild+ Truck Movie - 5hr
Mobileye,800264392081774,10.50,AV clip - 10.5hrs
Mobileye,800264392081784,5.25,Camera Video for Digital - 5.25hrs
Mobileye,803556916527052,2.00, influence comity ppt Presentation for Amnon - 2
Mobileye,824051700510582,14.25,Amnon video presentation 14.25 h
Mobileye,824051700510899,1.50,She codes Sticker - 1.5hrs
Mobileye,850641586495228,6.00,Ad for students - 6hrs
Mobileye,850641586495229,52.50,HR images from Sheild+ movie - 52.5h
Mobileye,858802147467653,4.00,Adding logo&details to brochure back page - 4 h
Mobileye,859016410997360,1.00,Baner Design for students - 1hrs
Mobileye,898060493373562,32.50,8 animated GIFS (20 from client) - 32.5h
Mobileye,907962531134750,35.25,Homepage header video (40 from client) - 35.25h
Mobileye,907962531134752,15.00,Shield+ Movie Japanese version (P) - 15h
Mobileye,907962531134753,4.50,Shield+ Movie Korean version (P)  4.5h
Mobileye,907962531134754,13.50,Shield+ Movie German version - (24h budget) - 13.5h
Mobileye,907962531134755,2.00,ME8 Spanish version - (24h budget) - 2h
Mobileye,907962531134762,12.00,Shield+ Movie LATAM version (P) -12h
Mobileye,907962531134763,6.25,Shield+ Movie Portuguese version (P) - 6.25h
Mobileye,907962531134766,4.50,Aftermarket Movie Korean version (P) - 4.5h
Mobileye,907962531134769,7.00,Aftermarket Movie Japanese version (P) - 7h
Mobileye,907962531134770,15.50,ME8 Hebrew version (P) - 15.5h
Mobileye,907962531134772,5.00,Shield+ Movie Spanish version (24h budget) - 5h
Mobileye,907962531134773,6.50,Sheild+ Movie French version  (24h budget) - 6.5h
Mobileye,908364597627870,32.50,urgent video clip task (Ayla) (32 from client)- 32.5h
Mobileye,921410263428763,8.00,Technological Employment Fair Booth - 8 hrs
Mobileye,921410263428772,10.00,Graphic AV Solutions - 10h
Mobileye,921410263428780,10.50,Aftermarket Movie Portuguese version (P) - 10.5 h
Mobileye,921410263428781,5.00,Aftermarket Movie LATAM version (P) - 5 h
Mobileye,925412754824253,2.50,Shield+ Movie British Voice Over 2.5h
Mobileye,925412754824254,14.00,Aftermarket Spanish version - (24h budget) - 14h
Mobileye,930239860658147,7.25,Chart Design - 7.25 hrs
Mobileye,930279449109399,1.00,Technological Employment Fair add - 1 hrs
Mobileye,930494183383072,9.50,Clip for Amnon CES - 9.5h
Mobileye,939562741355641,1.50,ME8 clip - Korean version - (P) 1.5h
Mobileye,939562741355642,9.00,ME8 clip - Japanese version (P) - 9h
Mobileye,939562741355644,4.75,ME8 clip - Portuguese version (P) - 4.75h
Mobileye,945327487044724,17.50,MAI Slides - 17.5h
Mobileye,945327487044725,54.50,Friends like me campaign - 54.5 hrs
Mobileye,947918269286139,125.00,Parking clip for CES - 125h - FINAL
Mobileye,949806142105441,44.00,Infographics for CES - 44hrs
Mobileye,951554883284087,57.00,CES presentation for Amnon - 57 hrs
Mobileye,955218748905280,45.00,OS clip for CES - 45h
Mobileye,955218748905281,192.50,ME6 Images  - 192.5h
Mobileye,957967550097075,10.25,AV clips for CES - 10.25 hrs
Mobileye,958419898492779,2.50,Trifocal - 2.5h
Mobileye,964155189095006,14.00,Blurring license plates - 14 hrs
Mobileye,998511242414357,136.75,Sheild+ Sanitation Truck version (P) - 136.75h
Mobileye,1002322605832669,8.50,Summer internship - 8.5 hrs
Mobileye,1108990147944431,6.25,Recruiting zipper design - 6.25h
Mobileye,1109432731487653,3.25,Officers funds Booth design - 3.25h
Mobileye,1110106128342212,3.75,מארז מד מזוודה - 3.75
Mobileye,1110106128342215,10.50,taasuka2019 Booth design - 10.5h
Mobileye,1110309231117674,37.75,ME8 Opener - 37.75h
Mobileye,1112624832337951,1.50,Shield+Movie French flag removing - 1.5h
Mobileye,1114640871976045,15.50,Image making - 15.5
Mobileye,1115103098583364,12.00,Mobileye Alerts clips - 12h
Mobileye,1115408658498802,4.00,Mobileye presentation -4h
Mobileye,1115649351821827,2.75,taasuka 2019 Tshirt Design - 2.75h
Mobileye,1115649351821829,1.50,מודעה ליום זרקור - 1.5
Mobileye,1115649351821834,5.25,Aftermarket Video cuts - 5.25h
Mobileye,1115673511211878,9.75,RSS vs SFF - 9.75h
Mobileye,1115723282664110,2.50,Truck blind spot GIF - 2.5h
Mobileye,1116813353435518,0.50,REM clip headline removal - 0.5h
Mobileye,1117570443563229,2.00,AV tech clip for editing - 2h
Mobileye,1117570443563231,17.75,OS Clip #2 (UK) - 17.75h
Mobileye,1118068969050950,1.25,מודעה לסטודנטים - 1.25
Mobileye,1118600480822537,2.50,AV clip edits (Tzahi - April 14) - 2.5h 
Mobileye,1118601792236953,8.25,Newsletter design - 8.25
Mobileye,1119427020682537,1.00,REM clip - Chinese subtitles - 1h
Mobileye,1119427020682538,23.00,CES video translations - Russian German French Spanish (p) - 23h
Mobileye,1119427020682539,10.50,"CES video translations - Portuguese, Japanese, Korean - 10.5h"
Mobileye,1119586557469020,4.00,Blur plates for UK website - 4h
Mobileye,1120691802183610,3.00,London GIF - 3h
Mobileye,1121212699689158,1.00,Short ME8 clip - 1h
Mobileye,1121212699689159,8.25,Shelid+ Movie Chinese version (P) - 8.25h
Mobileye,1121212699689160,7.00,Aftermarket clip - Chinese version (P) - 7h
Mobileye,1123914973152135,24.75,AV Clip editing for Amnon - 24.75h
Mobileye,1124592718281270,17.75,Shield+ 4 clip (P) - 17.75h
Mobileye,1126374489891760,32.50,Managers Training PPT - 32.5h
Mobileye,1127265941702837,2.00,HR icon - 2h
Mobileye,1127335233892256,9.50,Surround System on a car - 9.5h
Mobileye,1127504040853275,2.75,HR protocols PPT - 2.75h
Mobileye,1128208346390224,7.00,Mobileye Israel - Super Sale Landing page - 7h 
Mobileye,1128283675539609,8.75,Mobileye Israel - Poster - 8.75h
Mobileye,1128867277522704,4.00,Shield+ Movie Chinese extra - 4h 
Mobileye,1131405084206609,5.00,Shield+4 FMS Bus - Portuguese 5h
Mobileye,1131821167809636,42.00,ME8 Smart City for Barcelona (P)- 42h
Mobileye,1131821167809640,34.50,Geofences UX/UI (40h from client) - 34.5h
Mobileye,1132221157166297,6.75,"Polish video translations (ME8, ME8 Smart cities, Time) 18h from client - 6.75h"
Mobileye,1133462980410720,19.75,Israel Marketing - Mobileye Benefit Roulette - 19.75h
Mobileye,1135389851419262,8.00,Israel Marketing - Banners for benefit roulette - 8h
Mobileye,1135389851419263,2.00,Customers club banners - 2h
Mobileye,1137017391949396,14.75,She codes Booth design (12-13h from client) - 14.75h - FINAL
Mobileye,1139178959434884,29.00,PPT design for MOT - 29 h 
Mobileye,1139178959434891,25.50,NY Images from Shield+ (40h from client) - 25.5h
Mobileye,1139178959434892,3.50,2 images HQ for US Booth (3-4h p/image) - 3.5h
Mobileye,1139178959434893,65.50,Smart City Barcelona installation video (40h from client) - 65.5h - FINAL 
Mobileye,1139178959434896,3.00,Shield+ 4 FMS clip - Korean virsion (P) - 3 hr
Mobileye,1139178959434897,4.00,Shield+ 4 FMS clip - Japanese virsion (P) 4h
Mobileye,1139178959434898,3.50,Shield+ FMS Polish translation - 3.5 hrs
Mobileye,1139586024022052,8.00,NY HQ Images from Shield+ (15h from client) - 8h
Mobileye,1139930061081903,5.25,Israel Marketing - Election day Design - 5.25h
Mobileye,1141301728849996,4.25,Israel Marketing - Rosh Hashana add - 4.25h
Mobileye,1141301728849997,4.00,Ambutrans video subtitles (POR+SP LATAM) - 4h
Mobileye,1141301728849998,9.00,Short CES video subtitle changes - 9h
Mobileye,1142696815240670,12.00,Amnon's materials for VW meeting - 12h 
Mobileye,1142696815240690,23.75,Smart City clip edit for Chinese Ceremony (16h from client) - 23.75h
Mobileye,1142696815240691,46.00,Drives Event Design (40h from client)- 46h - FINAL 
Mobileye,1143382744056473,8.25,How it works clip edits - 8.25h - FINAL
Mobileye,1144840591655037,30.50,ME8 connect brochure  (16h from client) - 30.5h
Mobileye,1144847966116349,2.25,Ambutrans video subtitles (SP+GER) - 2.25h
Mobileye,1145145622668297,2.75,Laptop case Design - 2.75h - FINAL
Mobileye,1145145622668299,10.00,7 Stickers Design (6-12h from client) - 10h - FINAL
Mobileye,1145145622668307,8.00,JS Bus English subtitles - 8 hrs - FINAL 
Mobileye,1145292026574079,9.50,3 Illustrated Stickers Design (15-24h from client)- 9.5h - FINAL
Mobileye,1145292026574081,4.75,Social media add for the US team - 4.75h - FINAL
Mobileye,1145292026574095,10.00,Print ad of the Mobileye 8 Connect - 10h - FINAL
Mobileye,1146745024231029,22.00,Timeline 20 years of Mobileye ( 16 hrs ) 22 hrs - FINAL 
Mobileye,1146745024231033,12.25,T-Shirts Design (6-8) - 12.25 hrs - FINAL
Mobileye,1146745024269027,21.00,REM Presentation (Tal) - 21h
Mobileye,1147103305134978,29.25,IR Presentation (Eraz) - 29.25h - FINAL
Mobileye,1147459476440443,7.50,Gabi's IR Presentation - 7.5h - FINAL 
Mobileye,1147459476440445,23.25,Amnon's IR presentation -23.25h - FINAL
Mobileye,1147776388289897,30.00,B-roll lectures edits (Tali) (40h from client) - 30 Hrs - FINAL
Mobileye,1147776388289903,34.50,Images Making (8-19 per Image) - 34.5h
Mobileye,1147823392408409,4.75,Intro slide design - 4.75h - FINAL
Mobileye,1148034694391259,10.25,Rollup + screen Design - 10.25 - FINAL
Mobileye,1148884486629207,1.50,Ambutrans video subtitles (JAP + KOR) - 1.5h
Mobileye,1148884486629211,31.00,Landing page - 31 hrs - FINAL
Mobileye,1148884486629213,62.00,RSS page Design (65.5h from client) - 62h 
Mobileye,1149515149442421,7.75,Super Sale Winter Design - 7.75hrs
Mobileye,1149942798980657,5.50,Super Sale Winter - 5.5 hrs
Mobileye,1149961911816579,206.75,Updated ME8 clip - Shoshana (P) - 206.75h 
Mobileye,1150177301056691,3.00,Black Friday ad  -  3h
Mobileye,1150177301056693,5.00,Black Friday Animated Banner - 5hrs
Mobileye,1150981756316515,6.50,Black Friday landing page - 6.5h
Mobileye,1151250683776079,4.50,3D files of ME8 - 4.5h
Mobileye,1151250683776083,6.00,Black Friday Static Banners - 6h
Mobileye,1151508874964451,1.50,Barcelona footage - blurring plates - 1.5h
Mobileye,1152907086318880,14.00,Yarid Giyus Booth Design (10-12 from client) - 14
Mobileye,1153193682849025,1.50,German subtitles / FMS video 1.5h
Mobileye,1153193682849049,5.25,Jerusalem ad - 5.25h
Mobileye,1153380692173541,3.25,Tip Tipa campaign - 3.25h
Mobileye,1154191944469400,2.00,Hanuka ad - 2h
Mobileye,1154521862215673,104.00,Amnon's CES PPT -104
Mobileye,1154907157875121,130.50,CES Video Edits - 130.5h
Mobileye,1155016162411571,1.00,Van Image - 1h
Mobileye,1155280666033085,4.50,MOVE Exhibition video - 4.5h
Mobileye,1155439628930016,17.50,CES Screen saver - 17.5h
Mobileye,1155706515712009,2.75,Pedestrian edit 2.75h
Mobileye,1155712075081135,21.50,Mobileye Deal campaign (20)  - 21.5h
Mobileye,1155712075081141,4.00,Shield+4 Truck FMS Norwegian - 4h
Mobileye,1155712075081145,4.00, Shield+4 Bus FMS Spanish - 4h
Mobileye,1155963564614643,10.50,Urgent videos for CES 2020 - 10.5h
Mobileye,1155963564614645,5.25,Print ads copy adaptations - 5.25hr
Mobileye,1155963564614647,37.00,New ME8 roll ups for 2020 - 37h
Mobileye,1156745534860679,2.75,Mobileye Employees at CES 2020 - 2.75h
Mobileye,1156973988126341,4.25,January CES Newsletter - 4.25h
Mobileye,1156973988126349,4.00,Shield+ Bus image - 4h
Mobileye,1157185849068549,6.00,Mobileye Deal Animative banner - 6h
Mobileye,1158844125243075,4.00, Not for sale add (2-4) - 4h 
Mobileye,1159118824947037,1.00,Who are you playing on add-1h
Mobileye,1159213602244102,3.50,Mobile RSS - 3.5 h 
Mobileye,1159351998173123,29.50,Data PPT Design - 29.5h
Mobileye,1159351998173137,40.00,ME8 2020 PPT Design - 40h 
Mobileye,1160008866252041,1.50,assets redesign - 1.5 h
Mobileye,1160497806786675,19.00,ME6 Pickup truck image - 19h
Mobileye,1161762066954981,51.75,New Data Video - 51.75h
Mobileye,1162145051993769,13.25,Purim Deal - 13.25h
Mobileye,1163206913802020,4.00,We are Mobileye (Brochure+Sticker) - 4
Mobileye,1163476948013209,17.00,Shield+Fisheye 3D render - 17h 
Mobileye,1163476948013221,5.75,4 Graphics for Testing Document for AEB team - 5.75h
Mobileye,1165048082127739,8.00,New ME8 Video - German/Spanish/French Subtitles (12)- 8h
Mobileye,1166840247738801,3.75,Mobileye Deal text changes - 3.75 h
Baseline,1183211045137501,22.00,App Additions JULY (16-20) - 22h
Baseline,1187130829863563,5.50,App Additions AUGUST - 5.5h
Baseline,1199512980881560,8.75,New Summerize Video Feature (8) - 8.75h
Baseline,1200277058462584,45.00,Match Mode App Additions (46) - 45 h
Mobileye,1167722978011275,10.00,2 Olympics clips - 10h
Mobileye,1168394344059379,5.00,מבצע דיל לדיוור- 5
Mobileye,1168791803782613,19.00,School bus Image - 19h
Mobileye,1172947537879791,19.00,30 Nis Campaign - 19h
Mobileye,1174646276818101,20.00, Shield+ Turn Assistant Clip - German - (20) 20h
Mobileye,1176213424530155,56.50,AV clip May 2020 - 56.5h
Mobileye,1180537194189010,17.50,מצלמות דרך- 17.5h
Mobileye,1183651536624189,1.00,Safe Summer - 1h
Mobileye,1186155594486789,0.25,Mobileye deal logo - 0.25h
Mobileye,1187181940628059,13.50,Employee information presentation (12-16) - 13.5h
Mobileye,1189444191356905,2.25,"Data Video - French, German, Spanish & Italian subtitles (8)- 14h + 2.25h"
Mobileye,1189490364006515,16.75,Israel Mapping video - 16.75h
Mobileye,1190480833611425,9.00,AV short clips - 9h
Mobileye,1190500326037221,1.25,Road Risk Score Icon - Data video - 1.25H
Mobileye,1191334370804977,136.25,RSS 5 Rules clip - 136.25h
Mobileye,1192650069581105,5.50,MAN Footage project 1+2 (16h) - 5.5h
Mobileye,1195280007345009,10.50,Private car - Sensor suite - 10.5h
Mobileye,1196737767952393,9.00,ESRI italy video - 9h
Mobileye,1198503404264553,67.00,Tali - Lane marks scoring clip Hebrew - 67h
Mobileye,1198510529192709,2.50,Data video - Polish Subtitles - 2.5h
Mobileye,1198962281681918,96.00,RSS 5 Rule 3 - 96h
Mobileye,1199153277012295,2.00,Tali - Av clip + Data clip sub & headlines removal - 2h
Mobileye,1199162768837949,22.50,RSS 5 Rule 4 - 22.5h
Mobileye,1199162768837951,17.50,RSS 5 Rule 5 - 17.5h
Mobileye,1199347681045601,47.75,Tzahi - Munich Short + Long AV clip - 47.75h
Mobileye,1199359195929316,97.75,RSS 5 Rules all together -97.75h
Mobileye,1199359195929317,37.75,Logo animation opt1 - 37.75h
Mobileye,1199359195929319,70.00,New logo reveal video - 70h
Mobileye,1199410024807617,1.50,Tzahi AV clip 4 jan 2021 - 1.5hr
Mobileye,1199510737768599,2.00,Radar/lidar clip - 2h
Mobileye,1199516607727167,5.00,Tzahi AV clip 31 Dec 2020 - 5h
Mobileye,1199531016735081,5.00,Intro & Outro replacement - 5h
Mobileye,1199608924664439,8.00,Logo animation opt2 - 8h
Mobileye,1199619992388697,17.00,RSS 5 Rule 3 part 2 New - 17h
Mobileye,1199620733726877,14.75,RSS 5 Rule 4 New - 14.75h
Mobileye,1199712464147197,4.50,R/L AV clip - 4.5h
Mobileye,1199939279449943,6.75,Presentation template (8) - 6.75h
Mobileye,1200104600745694,2.00,FB Post - pessah - Matan - 2h
Mobileye,1200151526209987,5.00,Tzahi AV clip 6 Apr 2021 - 5hr
Mobileye,1200220777138728,3.50,Matan - export videos without graphic layer - 3.5
Mobileye,1200258334799087,70.00,PPT OEM - 70h
Mobileye,1200283390534619,2.50,Shield + bus - Image from video - 2.5h
Mobileye,1200306116903716,6.50,"EyeQ image making -6.5h
"
Mobileye,1200317124477877,5.25,Tzachi av clip 11/5- 5.25hr
Mobileye,1200371409795219,14.75,Update Shield video (13h-3d & 2h-ae)-14.75h
Mobileye,1200392133411568,6.50,Chinese Translation FMS - 6.5 h
Mobileye,1200400956059636,7.75,Tzahi AV clip 30 May 2021 - 7.75h
Mobileye,1200515549534893,66.50,"Shield+ Connect PPT (1-3h per slide, ~70h total) - 66.5h"
Mobileye,1200557272625629,0.50,Map video without titles (0.5h) - 0.5
Mobileye,1200618851147342,53.25,AV clip 20.7.21 (~40-50h) - 53.25h
Mobileye,1200800082294452,69.50,RSS new rule #5 - 69.5h
Mobileye,1200921236312815,4.00,Deck Charts conversion - 4h
Mobileye,1201209798040378,27.25,New Intro - 27.25h
Mobileye,1201209798040380,28.50,New outro - 28.5h
Mobileye,1201234488496628,4.00,HR Stickers for students (3-4h) - 4
Mobileye,1201311174613247,27.50,Narration RSS (17h+8.5h) - 27.5h
Mobileye,1201485324337372,31.75,Rss rule 4 (16h-30h) - 31.75h
Mobileye,1201610547079541,8.00,Blurring Plates - 8h
Mobileye,1201619383042986,11.00,Stitching rules together - 11h
Mobileye,1201656365081049,2.50,Purchase of video - 2.5h
Mobileye,1201656365081056,6.00,RSS sound editing - 6h  
Mobileye,1201671036597927,7.75,Mobileye HR - Strategy Intel - (8h) -  7.75h
Mobileye,1201704173132712,1.00,RSS gif export - 1hr
Mobileye,1201999456549929,8.00,Mobileye RSS HD(4-8h) - 8h
Mobileye,1202694384858469,2.50,Mobileye's fisheye Video meeting and kickoff  - 2.5
Mobileye,1202704603271828,3.00,Mini site assets - 3h
Mobileye,1202704603271835,7.50,Brief for 3d -7.5h
Mobileye,1202704603271837,7.00,Design -7h
Mobileye,1202704603271839,25.00,Editing - 25h
Mobileye,1202704603271841,13.50,Animation - 13.5h
Mobileye,1202931001849296,14.50,Minisite short video - 14.5h
Mobileye,1202931351354732,27.50,animating new shot - 27.5h
Mobileye,1203473964252728,9.00,Urgent Fixes for video - 9h
Autofleet,1205149684818294,0.50,thank you message on form (0.5h) - 0.5h
Autofleet,1205171364446545,0.50,Fixing bugs caused by autofleet (0.5h) - 0.5h
Barbahar,237010907991805,4.50,עיצוב שובר מתנה - 4.5 
Barbahar,266627813635858,5.00,תפריט קבוצות - 5
Barbahar,1120735010121857,1.25,Take away menu update - 1.25h 
Nominal,1206763439665981,18.00,Changes phase 1 (18h) - 18h
Nextage,1202366880661143,12.25,6/2 small changes (10h+4h) - 12.25h
Fiverr,1200702606567606,8.00,Design update (8-10) - 8h
Fiverr,1202171584111894,35.75,Desktop design (48h) - 35.75h
Arison,1199905657103276,32.00,Mobile adjustments (32>35h) - 32h
Nextage,1200860612525753,5.50,Logo touchups (5h) - 5.5h
Nextage,1202066981608834,11.75,Additional hours (11.5h) - 11.75h
OFFF tlv,1140030969488117,5.50,Slides - 5.5h
OFFF tlv,1138928348999059,4.75,Cocktail party invitation - 4.75h
Ception,1200699944317196,3.00,office design - 3h
Ception,1199543148120461,33.75,3D Animations for Presentation (32+1) - 33.75h
Ception,1202121867015054,4.00,Passover digital card (6h) - 4h
Studio,662686336609408,10.50,join us animation-10.5 h
Baseline,1200401048158256,11.75,ux\ui update (16-20) - 11.75
Autofleet,705238792060760,5.00,Hiring Post - 5hr
Autofleet,807968860625557,12.00,Autofleet Main dashboard - 12h
Baseline,1126927475381457,19.00,App Additions - 19h
